{"stats":{"minecraft:picked_up":{"minecraft:crafting_table":1,"minecraft:wheat_seeds":1,"minecraft:acacia_log":16,"minecraft:acacia_sapling":4,"minecraft:dirt":3,"minecraft:cobblestone":17},"minecraft:used":{"minecraft:stone_axe":12,"minecraft:dirt":3,"minecraft:crafting_table":1,"minecraft:stone_pickaxe":12,"minecraft:wooden_pickaxe":9,"minecraft:acacia_planks":1},"minecraft:crafted":{"minecraft:acacia_planks":32,"minecraft:stone_axe":1,"minecraft:crafting_table":1,"minecraft:stick":28,"minecraft:stone_pickaxe":1,"minecraft:wooden_pickaxe":4},"minecraft:mined":{"minecraft:grass":5,"minecraft:acacia_log":16,"minecraft:grass_block":2,"minecraft:acacia_leaves":2,"minecraft:dirt":1,"minecraft:stone":17,"minecraft:crafting_table":1},"minecraft:custom":{"minecraft:time_since_rest":3711,"minecraft:play_time":3711,"minecraft:sprint_one_cm":4750,"minecraft:damage_taken":20,"minecraft:walk_one_cm":4872,"minecraft:sneak_time":13,"minecraft:jump":43,"minecraft:leave_game":1,"minecraft:time_since_death":3711,"minecraft:total_world_time":3711,"minecraft:interact_with_crafting_table":3,"minecraft:fall_one_cm":1382,"minecraft:fly_one_cm":3965}},"DataVersion":2975}