{"stats":{"minecraft:picked_up":{"minecraft:crafting_table":1,"minecraft:wheat_seeds":1,"minecraft:acacia_log":16,"minecraft:porkchop":3,"minecraft:acacia_sapling":4,"minecraft:dirt":3,"minecraft:cobblestone":17},"minecraft:crafted":{"minecraft:acacia_planks":32,"minecraft:stone_axe":1,"minecraft:crafting_table":1,"minecraft:stick":28,"minecraft:stone_pickaxe":1,"minecraft:wooden_pickaxe":4},"minecraft:killed":{"minecraft:skeleton":1,"minecraft:pig":1,"minecraft:creeper":1},"minecraft:used":{"minecraft:stone_axe":18,"minecraft:dirt":3,"minecraft:cobblestone":11,"minecraft:crafting_table":1,"minecraft:stone_pickaxe":12,"minecraft:wooden_pickaxe":16,"minecraft:acacia_planks":1},"minecraft:mined":{"minecraft:grass":6,"minecraft:acacia_log":16,"minecraft:grass_block":2,"minecraft:acacia_leaves":2,"minecraft:dirt":1,"minecraft:stone":17,"minecraft:crafting_table":1},"minecraft:custom":{"minecraft:time_since_rest":9301,"minecraft:crouch_one_cm":8,"minecraft:play_time":9301,"minecraft:sprint_one_cm":6913,"minecraft:damage_taken":80,"minecraft:walk_one_cm":7698,"minecraft:sneak_time":30,"minecraft:mob_kills":3,"minecraft:jump":80,"minecraft:damage_dealt":586,"minecraft:leave_game":4,"minecraft:time_since_death":9301,"minecraft:total_world_time":9301,"minecraft:interact_with_crafting_table":3,"minecraft:fall_one_cm":2237,"minecraft:fly_one_cm":15048}},"DataVersion":2975}